Name,Category,Address,Description,Cost,Tips
Livraria Lello,Main Attraction,"Rua das Carmelitas 144, Porto",Neo-Gothic bookshop (1906). Stunning interior staircase. One of the most beautiful bookshops in the world.,€8–10 (redeemable vs book),Pre-book timed entry online — August sells out weeks ahead
Torre dos Clérigos,Main Attraction,"Rua de São Filipe de Nery, Porto",18th-century Baroque bell tower. 240 steps to 360° panorama over Porto and the Douro. The only true 360° view.,€8 adults; under 10 free,Go late afternoon for golden hour light; summer night ticket €5
São Bento Station,Main Attraction,"Praça Almeida Garrett, Porto","Working train station. Main hall covered in 20,000+ azulejo panels depicting Portuguese history. Free — don't skip.",Free,Arrive before 10am for photography without crowds
Porto Cathedral (Sé),Main Attraction,"Terreiro da Sé, Porto",12th-century Romanesque fortress cathedral. Gothic cloister with 14th-century azulejo panels. Terrace viewpoint.,Free (cloister €3),Miradouro outside is one of Porto's classic photo spots
Igreja do Carmo,Main Attraction,"Rua do Carmo, Porto",Twin Baroque churches. Famous azulejo-tiled exterior wall. Hidden 1-metre-wide 'sliver house' between the two churches.,Free (full experience ~€5–7),Stand back to see the full 1912 azulejo mural on the lateral facade
Cais da Ribeira,Main Attraction,"Cais da Ribeira, Porto","UNESCO World Heritage waterfront. Coloured medieval houses stacked up the hillside, rabelo boats on the river.",Free,Most magical at night; best photography 7–9am without crowds
Dom Luís I Bridge,Main Attraction,"Dom Luís I Bridge, Porto",1886 double-decker iron bridge. Upper deck at 40m has spectacular views. Cross for Gaia wine lodges.,Free,Walk upper deck Porto→Gaia; best at golden hour 17–19h
Mercado do Bolhão,Main Attraction,"Rua Formosa 322, Porto","Historic indoor market (1914, renovated 2022). Fresh produce, cheese, presunto, canned fish, crafts.",Free entry,"Go before 10am; good affordable gifts: sardine tins, queijo da Serra"
Palácio da Bolsa,Main Attraction,"Rua Ferreira Borges, Porto",19th-century neoclassical palace. Salão Árabe took 18 years to build — jaw-dropping Moorish interior. Guided tour only.,€14 adults; under 12 free,Guided tour only; specify English on arrival; 45–60 min
Igreja de São Francisco,Main Attraction,"Rua do Infante D. Henrique, Porto",Gothic church with the most extravagant gilded Baroque interior in Portugal. 300+ kg of gilded woodcarving.,€9 adults; €2.50 children,No photography inside; don't skip the ossuary beneath
Serralves Museum + Park,Main Attraction,"Rua Dom João de Castro 210, Porto","Contemporary art museum + Art Deco villa + 18-hectare park. Rose garden, lake, treetop walk, farm animals.",€24 full; €15 park only; under 12 free,Free Sunday mornings until 13:00; park-only ticket is great value
Casa da Música,Main Attraction,"Avenida da Boavista 604–610, Porto",Rem Koolhaas concert hall (2005). Iconic angular exterior. Guided architecture tour reveals extraordinary Sala Sugcia.,Tour €12; concerts from €5,Guided tour worth it even for non-architecture fans; cheap jazz evenings €5–15
Museu Nacional Soares dos Reis,Main Attraction,"Rua Dom Manuel II 44, Porto","Portugal's oldest public museum. Fine art, sculpture, decorative arts in an 18th-century palace. Often quiet.",€5; under 12 free; free Sun 10–14h,Seek out 'O Desterrado' — finest Portuguese 19th-century sculpture
Museu do Vinho do Porto,Main Attraction,"Rua Monchique 45–52, Porto",Port wine history museum in a riverfront warehouse. Porto's most underrated and underpriced museum.,~€2–2.50; free Sundays,Almost no tourists visit; excellent context before the lodges
Matosinhos Beach,Main Attraction,"Praia de Matosinhos, Matosinhos, Porto","Blue Flag Atlantic beach. Lifeguards Jun–Sep. Wide sand, clean showers. Best beach from Porto centre.",Free,Metro Line A from Trindade ~27 min; after beach walk to Rua Heróis de França for seafood
Foz do Douro,Main Attraction,"Foz do Douro, Porto","Where the Douro meets the Atlantic. Gardens, lighthouse (1843), riverside cafés. Porto's coastal escape.",Free,Take historic Linha 1 tram from Infante/Ribeira — scenic 30-min ride
Rua das Flores,Main Attraction,"Rua das Flores, Porto","Pedestrianised historic shopping street connecting São Bento to Ribeira. Beautiful tiled buildings, street musicians.",Free,Evening = live music; Cortiço & Netos for authentic azulejo tiles at the top
Jardim do Palácio de Cristal,Main Attraction,"Rua Dom Manuel II, Porto",Landscaped public gardens. Free-roaming peacocks. Western belvedere offers finest Douro Valley views.,Free,Most visitors miss the western viewpoints — walk to the back of the gardens
Parque da Cidade do Porto,Main Attraction,"Rua de Serralves, Porto","Portugal's largest urban park — 83 hectares with lake, woodland, cycle paths. Connects directly to Matosinhos beach.",Free,Enter from the Castelo do Queijo / Foz end for the best route
Casa Museu Guerra Junqueiro,Hidden Gem,"Rua de Dom Hugo 32, Porto","Baroque palace museum (~1730). Extraordinary sacred art, ceramics, goldsmithery. Almost zero tourists. Quiet garden.",€2,Tucked behind the Sé on a narrow street — almost no tourists find it
Café da Porta do Olival,Hidden Gem,"Rua do Olival, Porto",Historic café (since 1853) with 14th-century Fernandina city wall sections visible inside. Oldest coffee shop in Porto.,~€1.50 coffee,Sections of old Fernandina fortification inside — order a coffee and explore
Mercado Ferreira Borges / Hard Club,Hidden Gem,"Rua do Infante D. Henrique, Porto","1885 iron market building (heritage-listed) now Porto's most interesting live music venue. Jazz, reggae, exhibitions.",Events vary; often free–low cost,Never used as a market — stood empty 100+ years before becoming a culture venue
Passeio das Virtudes,Hidden Gem / Viewpoint,"Passeio das Virtudes, Porto",Terraced riverside promenade facing west. Perfect sunset viewpoint over the Douro. Almost entirely locals.,Free,Faces west — ideal for sunset; bring wine and sit on the terrace
Jardim das Virtudes,Hidden Gem / Viewpoint,"Jardim das Virtudes, Porto",Terraced picnic gardens on a Douro hillside. 'Best hidden gem in Porto' — SpottedByLocals. Virtually no tourists.,Free,"Locals bring wine, blankets, books; perfect picnic spot"
Miradouro da Vitória,Hidden Gem / Viewpoint,"Rua de São Bento da Vitória, Porto","Hidden viewpoint with 180° of Porto rooftops, Douro, and Gaia. Tourists rarely find it.",Free,Walk up Rua de São Bento da Vitória; low crowds even in August
Miradouro das Fontainhas,Hidden Gem / Viewpoint,"Rua das Fontainhas, Bonfim, Porto",Only viewpoint in Porto where you can see all 4 bridges simultaneously. Very few tourists.,Free,Community allotments nearby; utterly local
"Piscina das Marés, Leça da Palmeira",Hidden Gem,"Avenida da Liberdade, Leça da Palmeira, Porto",Saltwater tidal pools cut into Atlantic rock by Álvaro Siza Vieira (1966). National Monument. Almost unknown to tourists.,Small fee,Open Jun–Sep only; two pools (adult + children's); feels like swimming in the ocean
Afurada Fishing Village,Hidden Gem,"São Pedro da Afurada, Vila Nova de Gaia, Porto",Traditional fishing village on the Gaia river bank. Sardines grilled dockside. Free heritage museum with wooden boats.,Free / cheap eats,Take the tiny ferry from Ribeira — ferry crossing is part of the experience
Praia de Miramar + Chapel,Hidden Gem,"Avenida da Liberdade, Miramar, Porto",Beautiful beach with a 17th-century chapel built on an Atlantic rock. Iconic. Rated among Europe's most beautiful beaches.,Free,"Train from Porto Campanhã, Aveiro line, 20 min"
Rua Miguel Bombarda Arts District,Hidden Gem,"Rua Miguel Bombarda, Cedofeita, Porto","Porto's unofficial arts quarter — 20+ galleries, large-scale murals. Don Quixote mural (130m²). Genuine local arts scene.",Free,Six times/year all galleries do simultaneous openings
Centro Português de Fotografia,Hidden Gem,"Largo Amor de Perdição, Porto",Photography museum inside a functioning 18th-century prison. Spy camera collection on top floor. Fascinating building.,Free,"Spy cameras hidden in Pepsi cans, Marlboro packs — kids love this"
Museu do Carro Eléctrico (Tram Museum),Hidden Gem,"Rua das Carmelitas, Porto",25 historic trams in a former 1915 power plant on the Douro. Porto had the world's first electric trams (1895). Entry includes free tram ride.,Small fee (free tram ride included),Ticket includes free ride on any city tram; Line 1 stops right outside
Parque de Nova Sintra,Hidden Gem,"Rua de Nova Sintra, Bonfim, Porto","Former British private estate (Reid family, 1932). Lush woodland, Douro views, historic fountains. Entirely local — tourists never find it.",Free,4.7/5 on Google with local reviews; playground; no tourists
Parque Oriental (Campanhã),Hidden Gem,"Rua do Freixo, Campanhã, Porto","Porto's Japanese-inspired park — bamboo groves, oriental garden sections, ponds. Porto's east-end hidden gem.",Free,Metro to Campanhã then 10 min walk; almost zero tourists
Miradouro da Serra do Pilar,Miradouro,"Serra do Pilar, Vila Nova de Gaia, Porto","Best panorama in the area — entire Porto skyline, Douro, all bridges, 180° sweep. Essential viewpoint.",Free,"Metro Line D → Jardim do Morro, then walk uphill 8 min; sunset is spectacular"
Jardim do Morro (viewpoint),Miradouro,"Jardim do Morro, Vila Nova de Gaia, Porto","Porto's Ribeira straight ahead — the classic postcard shot. Lively, with street performers at weekends.",Free,Metro Line D → Jardim do Morro; moderate crowds; sunset is best
Torre dos Clérigos (viewpoint),Miradouro,"Rua de São Filipe de Nery, Porto",360° panorama — the only true 360° view in Porto. 240 steps up a narrow spiral staircase.,€8,Go late afternoon for best light; summer night ticket €5
Porto Cathedral Miradouro (Sé),Miradouro,"Terreiro da Sé, Porto",Terrace steps outside the cathedral. Classic terracotta-and-river shot — rooftops tumbling down to the Douro.,Free,Best in morning light; moderate crowds
Muralha Fernandina,Miradouro,"Rua de Saraiva de Carvalho, Bonfim, Porto",Walking atop 14th-century city walls. Douro and city views. Extremely rare experience — almost no other city allows this.,Free,Via staircase on Rua de Saraiva de Carvalho; very low crowds
Crystal Palace Gardens belvedere,Miradouro,"Rua Dom Manuel II, Porto",Douro Valley and Gaia from a park setting. Among Porto's finest free views. Peacocks roam the gardens.,Free,Walk to western edge of the gardens; most visitors miss these viewpoints
Escadas dos Guindais,Miradouro,"Escadas dos Guindais, Porto",290-step historic staircase with intimate street-level view of Dom Luís I Bridge from directly below.,Free,Morning for quiet; older kids only — very steep
